onset	duration	value	sample
64.114	0.0	3	64114
64.224	0.0	92	64224
65.476	0.0	8	65476
65.591	0.0	92	65591
66.844	0.0	4	66844
66.961	0.0	92	66961
68.229	0.0	91	68229
69.268	0.0	94	69268
70.549	0.0	5	70549
70.665	0.0	92	70665
71.934	0.0	10	71934
72.05	0.0	92	72050
73.303	0.0	2	73303
73.419	0.0	92	73419
74.671	0.0	2	74671
74.788	0.0	92	74788
76.057	0.0	91	76057
77.188	0.0	94	77188
78.477	0.0	10	78477
78.592	0.0	92	78592
79.845	0.0	2	79845
79.962	0.0	92	79962
81.23	0.0	6	81230
81.346	0.0	92	81346
82.598	0.0	91	82598
83.887	0.0	94	83887
85.169	0.0	7	85169
85.284	0.0	92	85284
86.537	0.0	9	86537
86.654	0.0	92	86654
87.906	0.0	9	87906
88.022	0.0	92	88022
89.274	0.0	8	89274
89.391	0.0	92	89391
90.643	0.0	8	90643
90.76	0.0	92	90760
92.028	0.0	91	92028
93.188	0.0	93	93188
94.465	0.0	3	94465
94.58	0.0	92	94580
95.833	0.0	8	95833
95.95	0.0	92	95950
97.202	0.0	2	97202
97.318	0.0	92	97318
98.57	0.0	91	98570
99.783	0.0	94	99783
101.074	0.0	4	101074
101.19	0.0	92	101190
102.459	0.0	3	102459
102.575	0.0	92	102575
103.828	0.0	6	103828
103.944	0.0	92	103944
105.196	0.0	2	105196
105.312	0.0	92	105312
106.565	0.0	91	106565
107.872	0.0	94	107872
109.151	0.0	9	109151
109.268	0.0	92	109268
110.537	0.0	9	110537
110.652	0.0	92	110652
111.905	0.0	8	111905
112.021	0.0	92	112021
113.274	0.0	8	113274
113.39	0.0	92	113390
114.659	0.0	91	114659
115.778	0.0	93	115778
117.062	0.0	10	117062
117.178	0.0	92	117178
118.43	0.0	2	118430
118.547	0.0	92	118547
119.799	0.0	5	119799
119.916	0.0	92	119916
121.185	0.0	91	121185
122.284	0.0	94	122284
123.571	0.0	5	123571
123.686	0.0	92	123686
124.939	0.0	4	124939
125.056	0.0	92	125056
126.308	0.0	5	126308
126.424	0.0	92	126424
127.676	0.0	1	127676
127.793	0.0	92	127793
129.061	0.0	1	129061
129.178	0.0	92	129178
130.447	0.0	91	130447
131.508	0.0	93	131508
132.8	0.0	1	132800
132.915	0.0	92	132915
134.185	0.0	4	134185
134.301	0.0	92	134301
135.57	0.0	8	135570
135.686	0.0	92	135686
136.939	0.0	91	136939
138.079	0.0	94	138079
139.359	0.0	9	139359
139.474	0.0	92	139474
140.727	0.0	2	140727
140.844	0.0	92	140844
142.113	0.0	5	142113
142.229	0.0	92	142229
143.481	0.0	91	143481
144.816	0.0	94	144816
146.101	0.0	9	146101
146.218	0.0	92	146218
147.47	0.0	1	147470
147.586	0.0	92	147586
148.838	0.0	1	148838
148.955	0.0	92	148955
150.223	0.0	2	150223
150.339	0.0	92	150339
151.592	0.0	5	151592
151.708	0.0	92	151708
152.977	0.0	91	152977
154.176	0.0	94	154176
155.464	0.0	3	155464
155.579	0.0	92	155579
156.849	0.0	8	156849
156.965	0.0	92	156965
158.235	0.0	7	158235
158.35	0.0	92	158350
159.619	0.0	91	159619
160.966	0.0	93	160966
162.256	0.0	10	162256
162.372	0.0	92	162372
163.642	0.0	10	163642
163.757	0.0	92	163757
165.027	0.0	7	165027
165.142	0.0	92	165142
166.395	0.0	7	166395
166.512	0.0	92	166512
167.78	0.0	91	167780
168.967	0.0	93	168967
170.25	0.0	2	170250
170.366	0.0	92	170366
171.619	0.0	10	171619
171.735	0.0	92	171735
172.988	0.0	4	172988
173.104	0.0	92	173104
174.372	0.0	3	174372
174.488	0.0	92	174488
175.741	0.0	91	175741
177.039	0.0	93	177039
178.328	0.0	6	178328
178.444	0.0	92	178444
179.713	0.0	10	179713
179.829	0.0	92	179829
181.082	0.0	3	181082
181.198	0.0	92	181198
182.467	0.0	5	182467
182.583	0.0	92	182583
183.835	0.0	5	183835
183.952	0.0	92	183952
185.221	0.0	91	185221
186.456	0.0	93	186456
187.74	0.0	5	187740
187.856	0.0	92	187856
189.109	0.0	9	189109
189.226	0.0	92	189226
190.478	0.0	4	190478
190.597	0.0	92	190597
191.863	0.0	3	191863
191.979	0.0	92	191979
193.247	0.0	91	193247
194.357	0.0	93	194357
195.635	0.0	7	195635
195.75	0.0	92	195750
197.003	0.0	9	197003
197.12	0.0	92	197120
198.388	0.0	4	198388
198.504	0.0	92	198504
199.757	0.0	1	199757
199.873	0.0	92	199873
201.142	0.0	1	201142
201.259	0.0	92	201259
202.527	0.0	91	202527
203.554	0.0	93	203554
204.83	0.0	3	204830
204.946	0.0	92	204946
206.216	0.0	8	206216
206.331	0.0	92	206331
207.584	0.0	2	207584
207.701	0.0	92	207701
208.969	0.0	91	208969
210.24	0.0	93	210240
211.523	0.0	6	211523
211.638	0.0	92	211638
212.908	0.0	10	212908
213.024	0.0	92	213024
214.293	0.0	7	214293
214.409	0.0	92	214409
215.662	0.0	7	215662
215.778	0.0	92	215778
217.03	0.0	3	217030
217.147	0.0	92	217147
218.415	0.0	91	218415
219.64	0.0	94	219640
220.919	0.0	6	220919
221.035	0.0	92	221035
222.304	0.0	6	222304
222.42	0.0	92	222420
223.673	0.0	6	223673
223.789	0.0	92	223789
225.041	0.0	91	225041
226.354	0.0	93	226354
227.645	0.0	7	227645
227.76	0.0	92	227760
229.013	0.0	1	229013
229.13	0.0	92	229130
230.398	0.0	10	230398
230.514	0.0	92	230514
231.767	0.0	7	231767
231.883	0.0	92	231883
233.152	0.0	7	233152
233.269	0.0	92	233269
234.521	0.0	91	234521
235.808	0.0	93	235808
237.091	0.0	3	237091
237.207	0.0	92	237207
238.459	0.0	6	238459
238.576	0.0	92	238576
239.844	0.0	4	239844
239.96	0.0	92	239960
241.229	0.0	91	241229
242.63	0.0	94	242630
243.917	0.0	9	243917
244.032	0.0	92	244032
245.302	0.0	9	245302
245.418	0.0	92	245418
246.67	0.0	6	246670
246.787	0.0	92	246787
248.055	0.0	5	248055
248.171	0.0	92	248171
249.424	0.0	91	249424
250.472	0.0	93	250472
251.759	0.0	10	251759
251.876	0.0	92	251876
253.129	0.0	4	253129
253.246	0.0	92	253246
254.514	0.0	6	254514
254.63	0.0	92	254630
255.883	0.0	91	255883
257.117	0.0	94	257117
258.403	0.0	4	258403
258.518	0.0	92	258518
259.788	0.0	8	259788
259.904	0.0	92	259904
261.157	0.0	1	261157
261.273	0.0	92	261273
262.542	0.0	91	262542
263.796	0.0	94	263796
265.078	0.0	1	265078
265.194	0.0	92	265194
281.234	0.0	9	281234
281.349	0.0	92	281349
282.619	0.0	5	282619
282.734	0.0	92	282734
284.004	0.0	1	284004
284.121	0.0	92	284121
285.389	0.0	91	285389
286.544	0.0	94	286544
287.826	0.0	6	287826
287.941	0.0	92	287941
289.211	0.0	4	289211
289.328	0.0	92	289328
290.596	0.0	8	290596
290.712	0.0	92	290712
291.981	0.0	3	291981
292.097	0.0	92	292097
293.366	0.0	91	293366
294.512	0.0	94	294512
295.803	0.0	3	295803
295.919	0.0	92	295919
297.188	0.0	5	297188
297.306	0.0	92	297306
298.574	0.0	2	298574
298.689	0.0	92	298689
299.942	0.0	91	299942
301.172	0.0	94	301172
302.462	0.0	9	302462
302.578	0.0	92	302578
303.847	0.0	10	303847
303.963	0.0	92	303963
305.233	0.0	1	305233
305.349	0.0	92	305349
306.618	0.0	1	306618
306.733	0.0	92	306733
308.003	0.0	91	308003
309.532	0.0	94	309532
310.824	0.0	10	310824
310.939	0.0	92	310939
312.209	0.0	10	312209
312.325	0.0	92	312325
313.594	0.0	3	313594
313.71	0.0	92	313710
314.963	0.0	7	314963
315.079	0.0	92	315079
316.348	0.0	91	316348
317.552	0.0	94	317552
318.834	0.0	4	318834
318.95	0.0	92	318950
320.22	0.0	2	320220
320.336	0.0	92	320336
321.605	0.0	8	321605
321.721	0.0	92	321721
322.99	0.0	91	322990
324.254	0.0	94	324254
325.543	0.0	8	325543
325.659	0.0	92	325659
326.929	0.0	10	326929
327.044	0.0	92	327044
328.314	0.0	6	328314
328.429	0.0	92	328429
329.699	0.0	2	329699
329.815	0.0	92	329815
331.084	0.0	91	331084
332.214	0.0	94	332214
333.504	0.0	9	333504
333.62	0.0	92	333620
334.873	0.0	8	334873
334.989	0.0	92	334989
336.258	0.0	6	336258
336.374	0.0	92	336374
337.643	0.0	6	337643
337.759	0.0	92	337759
339.028	0.0	91	339028
340.344	0.0	93	340344
341.632	0.0	2	341632
341.747	0.0	92	341747
343.017	0.0	7	343017
343.133	0.0	92	343133
344.402	0.0	1	344402
344.518	0.0	92	344518
345.787	0.0	91	345787
347.123	0.0	94	347123
348.408	0.0	3	348408
348.523	0.0	92	348523
349.793	0.0	9	349793
349.908	0.0	92	349908
351.178	0.0	10	351178
351.295	0.0	92	351295
352.563	0.0	2	352563
352.679	0.0	92	352679
353.932	0.0	1	353932
354.048	0.0	92	354048
355.317	0.0	91	355317
356.47	0.0	94	356470
357.754	0.0	4	357754
357.869	0.0	92	357869
359.139	0.0	4	359139
359.254	0.0	92	359254
360.524	0.0	5	360524
360.64	0.0	92	360640
361.909	0.0	5	361909
362.025	0.0	92	362025
363.294	0.0	91	363294
364.371	0.0	93	364371
365.648	0.0	8	365648
365.763	0.0	92	365763
367.033	0.0	1	367033
367.148	0.0	92	367148
368.418	0.0	3	368418
368.534	0.0	92	368534
369.803	0.0	91	369803
371.173	0.0	94	371173
372.457	0.0	4	372457
372.572	0.0	92	372572
373.842	0.0	5	373842
373.958	0.0	92	373958
375.227	0.0	1	375227
375.344	0.0	92	375344
376.612	0.0	91	376612
377.895	0.0	94	377895
379.183	0.0	4	379183
379.299	0.0	92	379299
380.568	0.0	6	380568
380.683	0.0	92	380683
381.936	0.0	4	381936
382.053	0.0	92	382053
383.321	0.0	5	383321
383.437	0.0	92	383437
384.69	0.0	5	384690
384.806	0.0	92	384806
386.075	0.0	91	386075
387.193	0.0	93	387193
388.478	0.0	9	388478
388.594	0.0	92	388594
389.864	0.0	10	389864
389.979	0.0	92	389979
391.249	0.0	7	391249
391.365	0.0	92	391365
392.634	0.0	7	392634
392.75	0.0	92	392750
394.019	0.0	91	394019
395.194	0.0	93	395194
396.472	0.0	6	396472
396.588	0.0	92	396588
397.857	0.0	6	397857
397.973	0.0	92	397973
399.226	0.0	8	399226
399.343	0.0	92	399343
400.611	0.0	7	400611
400.727	0.0	92	400727
401.997	0.0	91	401997
403.264	0.0	93	403264
404.55	0.0	2	404550
404.666	0.0	92	404666
405.935	0.0	4	405935
406.051	0.0	92	406051
407.321	0.0	3	407321
407.436	0.0	92	407436
408.706	0.0	8	408706
408.822	0.0	92	408822
410.091	0.0	91	410091
411.322	0.0	94	411322
412.611	0.0	6	412611
412.727	0.0	92	412727
413.996	0.0	5	413996
414.112	0.0	92	414112
415.38	0.0	1	415380
415.497	0.0	92	415497
416.767	0.0	91	416767
418.004	0.0	94	418004
419.287	0.0	10	419287
419.403	0.0	92	419403
420.672	0.0	8	420672
420.788	0.0	92	420788
422.057	0.0	10	422057
422.173	0.0	92	422173
423.442	0.0	3	423442
423.558	0.0	92	423558
424.827	0.0	3	424827
424.943	0.0	92	424943
426.213	0.0	91	426213
427.329	0.0	93	427329
428.616	0.0	5	428616
428.732	0.0	92	428732
430.001	0.0	2	430001
430.117	0.0	92	430117
431.386	0.0	2	431386
431.502	0.0	92	431502
432.772	0.0	91	432772
434.282	0.0	94	434282
435.559	0.0	9	435559
435.674	0.0	92	435674
436.944	0.0	6	436944
437.059	0.0	92	437059
438.329	0.0	5	438329
438.445	0.0	92	438445
439.714	0.0	7	439714
439.83	0.0	92	439830
441.099	0.0	91	441099
444.187	0.0	10	444187
444.303	0.0	92	444303
445.572	0.0	3	445572
445.688	0.0	92	445688
446.957	0.0	1	446957
447.073	0.0	92	447073
448.342	0.0	1	448342
448.458	0.0	92	448458
449.727	0.0	91	449727
450.807	0.0	93	450807
452.098	0.0	4	452098
452.213	0.0	92	452213
453.483	0.0	8	453483
453.598	0.0	92	453598
454.868	0.0	9	454868
454.984	0.0	92	454984
456.253	0.0	4	456253
456.37	0.0	92	456370
457.638	0.0	3	457638
457.754	0.0	92	457754
459.024	0.0	91	459024
460.325	0.0	93	460325
461.611	0.0	8	461611
461.726	0.0	92	461726
462.996	0.0	9	462996
463.111	0.0	92	463111
464.381	0.0	7	464381
464.496	0.0	92	464496
465.766	0.0	7	465766
465.882	0.0	92	465882
467.15	0.0	91	467150
468.37	0.0	93	468370
469.655	0.0	2	469655
469.77	0.0	92	469770
471.04	0.0	9	471040
471.156	0.0	92	471156
472.425	0.0	6	472425
472.541	0.0	92	472541
473.81	0.0	2	473810
473.926	0.0	92	473926
475.195	0.0	91	475195
476.279	0.0	94	476279
477.565	0.0	9	477565
477.681	0.0	92	477681
478.951	0.0	10	478951
479.066	0.0	92	479066
480.336	0.0	7	480336
480.451	0.0	92	480451
481.721	0.0	7	481721
481.837	0.0	92	481837
483.106	0.0	91	483106
499.796	0.0	10	499796
499.912	0.0	92	499912
501.18	0.0	1	501180
501.296	0.0	92	501296
502.565	0.0	10	502565
502.681	0.0	92	502681
503.951	0.0	6	503951
504.067	0.0	92	504067
505.336	0.0	5	505336
505.453	0.0	92	505453
506.721	0.0	91	506721
507.885	0.0	93	507885
509.175	0.0	7	509175
509.29	0.0	92	509290
510.56	0.0	6	510560
510.675	0.0	92	510675
511.945	0.0	2	511945
512.061	0.0	92	512061
513.33	0.0	2	513330
513.447	0.0	92	513447
514.715	0.0	91	514715
515.801	0.0	93	515801
517.085	0.0	1	517085
517.201	0.0	92	517201
518.471	0.0	3	518471
518.586	0.0	92	518586
519.856	0.0	8	519856
519.971	0.0	92	519971
521.241	0.0	91	521241
522.591	0.0	94	522591
523.878	0.0	1	523878
523.993	0.0	92	523993
525.263	0.0	9	525263
525.38	0.0	92	525380
526.648	0.0	7	526648
526.764	0.0	92	526764
528.033	0.0	6	528033
528.149	0.0	92	528149
529.419	0.0	91	529419
530.537	0.0	94	530537
531.822	0.0	8	531822
531.938	0.0	92	531938
533.207	0.0	8	533207
533.323	0.0	92	533323
534.592	0.0	8	534592
534.708	0.0	92	534708
535.978	0.0	5	535978
536.093	0.0	92	536093
537.363	0.0	5	537363
537.478	0.0	92	537478
538.748	0.0	91	538748
539.902	0.0	93	539902
541.185	0.0	10	541185
541.3	0.0	92	541300
542.57	0.0	1	542570
542.685	0.0	92	542685
543.955	0.0	7	543955
544.071	0.0	92	544071
545.34	0.0	7	545340
545.457	0.0	92	545457
546.725	0.0	91	546725
547.838	0.0	93	547838
549.127	0.0	8	549127
549.244	0.0	92	549244
550.514	0.0	5	550514
550.629	0.0	92	550629
551.899	0.0	2	551899
552.015	0.0	92	552015
553.284	0.0	91	553284
554.682	0.0	94	554682
555.971	0.0	1	555971
556.087	0.0	92	556087
557.356	0.0	3	557356
557.473	0.0	92	557473
558.742	0.0	4	558742
558.857	0.0	92	558857
560.127	0.0	91	560127
561.252	0.0	93	561252
562.53	0.0	1	562530
562.646	0.0	92	562646
563.915	0.0	3	563915
564.031	0.0	92	564031
565.301	0.0	10	565301
565.417	0.0	92	565417
566.686	0.0	3	566686
566.801	0.0	92	566801
568.071	0.0	5	568071
568.187	0.0	92	568187
569.456	0.0	91	569456
570.728	0.0	94	570728
572.008	0.0	10	572008
572.125	0.0	92	572125
573.395	0.0	9	573395
573.51	0.0	92	573510
574.78	0.0	7	574780
574.896	0.0	92	574896
576.166	0.0	7	576166
576.281	0.0	92	576281
577.55	0.0	91	577550
578.6	0.0	93	578600
579.887	0.0	9	579887
580.002	0.0	92	580002
581.272	0.0	8	581272
581.389	0.0	92	581389
582.657	0.0	8	582657
582.773	0.0	92	582773
584.042	0.0	91	584042
585.294	0.0	93	585294
586.579	0.0	10	586579
586.695	0.0	92	586695
587.964	0.0	4	587964
588.08	0.0	92	588080
589.35	0.0	4	589350
589.466	0.0	92	589466
590.735	0.0	91	590735
591.914	0.0	93	591914
593.205	0.0	6	593205
593.32	0.0	92	593320
594.59	0.0	1	594590
594.706	0.0	92	594706
595.975	0.0	7	595975
596.091	0.0	92	596091
597.36	0.0	5	597360
597.477	0.0	92	597477
598.746	0.0	91	598746
599.834	0.0	93	599834
601.116	0.0	3	601116
601.231	0.0	92	601231
602.501	0.0	5	602501
602.616	0.0	92	602616
603.886	0.0	4	603886
604.002	0.0	92	604002
605.271	0.0	91	605271
606.639	0.0	93	606639
607.927	0.0	10	607927
608.041	0.0	92	608041
609.31	0.0	7	609310
609.426	0.0	92	609426
610.695	0.0	2	610695
610.812	0.0	92	610812
612.08	0.0	2	612080
612.196	0.0	92	612196
613.466	0.0	91	613466
614.529	0.0	93	614529
615.819	0.0	9	615819
615.934	0.0	92	615934
617.204	0.0	10	617204
617.319	0.0	92	617319
618.589	0.0	1	618589
618.705	0.0	92	618705
619.974	0.0	3	619974
620.09	0.0	92	620090
621.36	0.0	4	621360
621.476	0.0	92	621476
622.745	0.0	91	622745
623.879	0.0	94	623879
625.165	0.0	2	625165
625.28	0.0	92	625280
626.55	0.0	7	626550
626.665	0.0	92	626665
627.935	0.0	5	627935
628.051	0.0	92	628051
629.32	0.0	4	629320
629.437	0.0	92	629437
630.705	0.0	91	630705
631.741	0.0	94	631741
633.025	0.0	6	633025
633.141	0.0	92	633141
634.411	0.0	1	634411
634.526	0.0	92	634526
635.796	0.0	3	635796
635.911	0.0	92	635911
637.181	0.0	91	637181
638.372	0.0	94	638372
639.654	0.0	10	639654
639.767	0.0	92	639767
641.036	0.0	9	641036
641.152	0.0	92	641152
642.421	0.0	2	642421
642.537	0.0	92	642537
643.806	0.0	6	643806
643.922	0.0	92	643922
645.192	0.0	2	645192
645.307	0.0	92	645307
646.577	0.0	91	646577
647.774	0.0	93	647774
649.064	0.0	1	649064
649.179	0.0	92	649179
650.449	0.0	6	650449
650.564	0.0	92	650564
651.834	0.0	6	651834
651.95	0.0	92	651950
653.219	0.0	91	653219
654.286	0.0	93	654286
655.572	0.0	9	655572
655.688	0.0	92	655688
656.958	0.0	4	656958
657.073	0.0	92	657073
658.342	0.0	2	658342
658.459	0.0	92	658459
659.728	0.0	91	659728
661.067	0.0	94	661067
662.348	0.0	9	662348
662.465	0.0	92	662465
663.733	0.0	9	663733
663.849	0.0	92	663849
665.119	0.0	4	665119
665.234	0.0	92	665234
666.504	0.0	7	666504
666.619	0.0	92	666619
667.889	0.0	3	667889
668.005	0.0	92	668005
669.274	0.0	91	669274
670.463	0.0	94	670463
671.744	0.0	9	671744
671.86	0.0	92	671860
673.129	0.0	8	673129
673.245	0.0	92	673245
674.515	0.0	4	674515
674.63	0.0	92	674630
675.9	0.0	91	675900
677.243	0.0	94	677243
678.521	0.0	10	678521
678.637	0.0	92	678637
679.905	0.0	8	679905
680.021	0.0	92	680021
681.29	0.0	8	681290
681.406	0.0	92	681406
682.676	0.0	6	682676
682.791	0.0	92	682791
684.061	0.0	5	684061
684.176	0.0	92	684176
685.446	0.0	91	685446
686.528	0.0	93	686528
687.816	0.0	9	687816
687.931	0.0	92	687931
689.201	0.0	3	689201
689.317	0.0	92	689317
690.586	0.0	3	690586
690.702	0.0	92	690702
691.972	0.0	91	691972
692.978	0.0	93	692978
694.258	0.0	6	694258
694.374	0.0	92	694374
695.643	0.0	2	695643
695.759	0.0	92	695759
697.028	0.0	5	697028
697.144	0.0	92	697144
698.414	0.0	4	698414
698.53	0.0	92	698530
699.799	0.0	91	699799
700.953	0.0	94	700953
716.872	0.0	9	716872
716.987	0.0	92	716987
718.257	0.0	9	718257
718.373	0.0	92	718373
719.642	0.0	4	719642
719.758	0.0	92	719758
721.027	0.0	2	721027
721.143	0.0	92	721143
722.413	0.0	1	722413
722.53	0.0	92	722530
723.798	0.0	91	723798
724.98	0.0	93	724980
726.269	0.0	1	726269
726.384	0.0	92	726384
727.653	0.0	7	727653
727.769	0.0	92	727769
729.038	0.0	8	729038
729.154	0.0	92	729154
730.423	0.0	8	730423
730.54	0.0	92	730540
731.809	0.0	91	731809
732.719	0.0	93	732719
733.994	0.0	1	733994
734.11	0.0	88	734110
734.111	0.0	92	734111
735.38	0.0	9	735380
735.497	0.0	92	735497
736.765	0.0	4	736765
736.881	0.0	92	736881
738.149	0.0	4	738149
738.266	0.0	92	738266
739.536	0.0	91	739536
740.471	0.0	93	740471
741.755	0.0	9	741755
741.871	0.0	92	741871
743.141	0.0	10	743141
743.256	0.0	92	743256
744.526	0.0	5	744526
744.641	0.0	92	744641
745.911	0.0	3	745911
746.027	0.0	92	746027
747.296	0.0	8	747296
747.412	0.0	92	747412
748.681	0.0	91	748681
749.727	0.0	94	749727
751.018	0.0	9	751018
751.134	0.0	92	751134
752.403	0.0	2	752403
752.52	0.0	92	752520
753.788	0.0	5	753788
753.904	0.0	92	753904
755.173	0.0	91	755173
756.435	0.0	94	756435
757.727	0.0	10	757727
757.843	0.0	92	757843
759.112	0.0	5	759112
759.228	0.0	92	759228
760.498	0.0	6	760498
760.613	0.0	92	760613
761.883	0.0	6	761883
761.998	0.0	92	761998
763.268	0.0	91	763268
764.267	0.0	93	764267
765.554	0.0	9	765554
765.67	0.0	92	765670
766.939	0.0	10	766939
767.055	0.0	92	767055
768.325	0.0	1	768325
768.44	0.0	92	768440
769.71	0.0	3	769710
769.825	0.0	92	769825
771.095	0.0	3	771095
771.211	0.0	92	771211
772.48	0.0	91	772480
773.361	0.0	93	773361
774.65	0.0	7	774650
774.765	0.0	92	774765
776.034	0.0	7	776034
776.151	0.0	92	776151
777.42	0.0	10	777420
777.537	0.0	92	777537
778.805	0.0	2	778805
778.921	0.0	92	778921
780.191	0.0	5	780191
780.306	0.0	92	780306
781.576	0.0	91	781576
782.814	0.0	94	782814
784.096	0.0	8	784096
784.212	0.0	92	784212
785.481	0.0	2	785481
785.598	0.0	92	785598
786.866	0.0	10	786866
786.982	0.0	92	786982
788.251	0.0	6	788251
788.367	0.0	92	788367
789.637	0.0	2	789637
789.752	0.0	92	789752
791.022	0.0	91	791022
792.048	0.0	94	792048
793.324	0.0	9	793324
793.441	0.0	92	793441
794.71	0.0	8	794710
794.826	0.0	92	794826
796.095	0.0	9	796095
796.211	0.0	92	796211
797.481	0.0	6	797481
797.597	0.0	92	797597
798.866	0.0	6	798866
798.981	0.0	92	798981
800.251	0.0	91	800251
801.45	0.0	93	801450
802.738	0.0	6	802738
802.853	0.0	92	802853
804.123	0.0	7	804123
804.239	0.0	92	804239
805.508	0.0	3	805508
805.624	0.0	92	805624
806.893	0.0	91	806893
808.192	0.0	94	808192
809.48	0.0	7	809480
809.597	0.0	92	809597
810.865	0.0	2	810865
810.981	0.0	92	810981
812.251	0.0	6	812251
812.366	0.0	92	812366
813.636	0.0	91	813636
814.76	0.0	94	814760
816.039	0.0	8	816039
816.155	0.0	92	816155
817.424	0.0	9	817424
817.541	0.0	92	817541
818.809	0.0	1	818809
818.925	0.0	92	818925
820.195	0.0	5	820195
820.31	0.0	92	820310
821.581	0.0	91	821581
822.629	0.0	94	822629
823.916	0.0	9	823916
824.032	0.0	92	824032
825.302	0.0	1	825302
825.417	0.0	92	825417
826.687	0.0	7	826687
826.802	0.0	92	826802
828.072	0.0	5	828072
828.188	0.0	92	828188
829.457	0.0	91	829457
830.467	0.0	94	830467
831.744	0.0	4	831744
831.859	0.0	92	831859
833.129	0.0	2	833129
833.244	0.0	92	833244
834.514	0.0	3	834514
834.63	0.0	92	834630
835.899	0.0	4	835899
836.015	0.0	92	836015
837.284	0.0	91	837284
838.236	0.0	93	838236
839.521	0.0	10	839521
839.636	0.0	92	839636
840.906	0.0	7	840906
841.022	0.0	92	841022
842.291	0.0	7	842291
842.407	0.0	92	842407
843.677	0.0	91	843677
845.327	0.0	94	845327
846.614	0.0	3	846614
846.729	0.0	92	846729
847.999	0.0	4	847999
848.114	0.0	92	848114
849.384	0.0	4	849384
849.5	0.0	92	849500
850.769	0.0	3	850769
850.885	0.0	92	850885
852.155	0.0	91	852155
853.287	0.0	93	853287
854.574	0.0	2	854574
854.69	0.0	92	854690
855.96	0.0	8	855960
856.075	0.0	92	856075
857.345	0.0	10	857345
857.46	0.0	92	857460
858.73	0.0	4	858730
858.846	0.0	92	858846
860.115	0.0	2	860115
860.231	0.0	92	860231
861.5	0.0	91	861500
862.685	0.0	94	862685
863.97	0.0	8	863970
864.086	0.0	92	864086
865.356	0.0	6	865356
865.471	0.0	92	865471
866.741	0.0	3	866741
866.856	0.0	92	866856
868.126	0.0	91	868126
869.887	0.0	94	869887
871.163	0.0	1	871163
871.279	0.0	92	871279
872.549	0.0	6	872549
872.664	0.0	92	872664
873.934	0.0	2	873934
874.049	0.0	92	874049
875.319	0.0	4	875319
875.435	0.0	92	875435
876.704	0.0	91	876704
877.837	0.0	94	877837
879.124	0.0	7	879124
879.24	0.0	92	879240
880.509	0.0	3	880509
880.626	0.0	92	880626
881.895	0.0	4	881895
882.01	0.0	92	882010
883.28	0.0	91	883280
884.343	0.0	93	884343
885.633	0.0	5	885633
885.749	0.0	92	885749
887.018	0.0	1	887018
887.134	0.0	92	887134
888.402	0.0	1	888402
888.519	0.0	92	888519
889.787	0.0	91	889787
890.909	0.0	94	890909
892.192	0.0	10	892192
892.307	0.0	92	892307
893.577	0.0	10	893577
893.693	0.0	92	893693
894.962	0.0	8	894962
895.078	0.0	92	895078
896.347	0.0	8	896347
896.463	0.0	92	896463
897.733	0.0	91	897733
898.672	0.0	93	898672
899.952	0.0	10	899952
900.068	0.0	92	900068
901.338	0.0	5	901338
901.453	0.0	92	901453
902.723	0.0	5	902723
902.838	0.0	92	902838
904.108	0.0	3	904108
904.224	0.0	92	904224
905.493	0.0	6	905493
905.61	0.0	92	905610
906.878	0.0	91	906878
908.0	0.0	94	908000
909.282	0.0	1	909282
909.397	0.0	92	909397
910.667	0.0	5	910667
910.782	0.0	92	910782
912.052	0.0	7	912052
912.168	0.0	92	912168
930.827	0.0	2	930827
930.943	0.0	92	930943
932.213	0.0	1	932213
932.328	0.0	92	932328
933.598	0.0	1	933598
933.713	0.0	92	933713
934.983	0.0	4	934983
935.099	0.0	92	935099
936.368	0.0	91	936368
937.871	0.0	94	937871
939.155	0.0	9	939155
939.271	0.0	92	939271
940.54	0.0	9	940540
940.657	0.0	92	940657
941.926	0.0	7	941926
942.041	0.0	92	942041
943.311	0.0	7	943311
943.426	0.0	92	943426
944.696	0.0	91	944696
945.714	0.0	93	945714
946.999	0.0	7	946999
947.115	0.0	92	947115
948.384	0.0	7	948384
948.5	0.0	92	948500
949.77	0.0	9	949770
949.885	0.0	92	949885
951.155	0.0	5	951155
951.27	0.0	92	951270
952.54	0.0	8	952540
952.657	0.0	92	952657
953.925	0.0	91	953925
954.891	0.0	94	954891
956.178	0.0	4	956178
956.294	0.0	92	956294
957.563	0.0	9	957563
957.68	0.0	92	957680
958.949	0.0	7	958949
959.064	0.0	92	959064
960.334	0.0	6	960334
960.449	0.0	92	960449
961.718	0.0	91	961718
963.499	0.0	94	963499
964.79	0.0	2	964790
964.905	0.0	92	964905
966.175	0.0	3	966175
966.291	0.0	92	966291
967.56	0.0	3	967560
967.677	0.0	92	967677
968.947	0.0	91	968947
970.596	0.0	94	970596
971.883	0.0	4	971883
971.998	0.0	92	971998
973.268	0.0	3	973268
973.384	0.0	92	973384
974.653	0.0	3	974653
974.769	0.0	92	974769
976.038	0.0	91	976038
976.992	0.0	93	976992
978.275	0.0	9	978275
978.39	0.0	92	978390
979.66	0.0	4	979660
979.776	0.0	92	979776
981.045	0.0	6	981045
981.161	0.0	92	981161
982.43	0.0	5	982430
982.546	0.0	92	982546
983.816	0.0	91	983816
984.767	0.0	94	984767
986.052	0.0	2	986052
986.168	0.0	92	986168
987.437	0.0	6	987437
987.553	0.0	92	987553
988.822	0.0	2	988822
988.938	0.0	92	988938
990.207	0.0	91	990207
991.355	0.0	94	991355
992.644	0.0	7	992644
992.76	0.0	92	992760
994.029	0.0	2	994029
994.145	0.0	92	994145
995.415	0.0	6	995415
995.53	0.0	92	995530
996.8	0.0	6	996800
996.915	0.0	92	996915
998.185	0.0	91	998185
999.516	0.0	94	999516
1000.805	0.0	7	1000805
1000.921	0.0	92	1000921
1002.19	0.0	4	1002190
1002.306	0.0	92	1002306
1003.576	0.0	5	1003576
1003.692	0.0	92	1003692
1004.961	0.0	6	1004961
1005.076	0.0	92	1005076
1006.346	0.0	8	1006346
1006.462	0.0	92	1006462
1007.731	0.0	91	1007731
1008.773	0.0	94	1008773
1010.051	0.0	2	1010051
1010.167	0.0	92	1010167
1011.436	0.0	9	1011436
1011.552	0.0	92	1011552
1012.821	0.0	3	1012821
1012.937	0.0	92	1012937
1014.207	0.0	6	1014207
1014.322	0.0	92	1014322
1015.592	0.0	91	1015592
1016.974	0.0	94	1016974
1018.262	0.0	1	1018262
1018.378	0.0	92	1018378
1019.647	0.0	4	1019647
1019.763	0.0	92	1019763
1021.033	0.0	8	1021033
1021.148	0.0	92	1021148
1022.418	0.0	91	1022418
1023.542	0.0	94	1023542
1024.821	0.0	2	1024821
1024.937	0.0	92	1024937
1026.206	0.0	9	1026206
1026.322	0.0	92	1026322
1027.591	0.0	2	1027591
1027.708	0.0	92	1027708
1028.977	0.0	4	1028977
1029.092	0.0	92	1029092
1030.362	0.0	1	1030362
1030.477	0.0	92	1030477
1031.797	0.0	91	1031797
1032.901	0.0	94	1032901
1034.184	0.0	10	1034184
1034.299	0.0	92	1034299
1035.569	0.0	9	1035569
1035.685	0.0	92	1035685
1036.954	0.0	8	1036954
1037.07	0.0	92	1037070
1038.339	0.0	8	1038339
1038.455	0.0	92	1038455
1039.724	0.0	91	1039724
1040.831	0.0	93	1040831
1042.111	0.0	8	1042111
1042.227	0.0	92	1042227
1043.496	0.0	6	1043496
1043.612	0.0	92	1043612
1044.881	0.0	8	1044881
1044.997	0.0	92	1044997
1046.265	0.0	91	1046265
1047.316	0.0	93	1047316
1048.603	0.0	10	1048603
1048.72	0.0	92	1048720
1049.988	0.0	2	1049988
1050.104	0.0	92	1050104
1051.374	0.0	1	1051374
1051.489	0.0	92	1051489
1052.759	0.0	8	1052759
1052.874	0.0	92	1052874
1054.144	0.0	4	1054144
1054.259	0.0	92	1054259
1055.529	0.0	91	1055529
1056.632	0.0	94	1056632
1057.916	0.0	10	1057916
1058.031	0.0	92	1058031
1059.301	0.0	7	1059301
1059.416	0.0	92	1059416
1060.686	0.0	10	1060686
1060.802	0.0	92	1060802
1062.071	0.0	5	1062071
1062.187	0.0	92	1062187
1063.456	0.0	6	1063456
1063.572	0.0	92	1063572
1064.842	0.0	91	1064842
1065.996	0.0	94	1065996
1067.278	0.0	3	1067278
1067.394	0.0	92	1067394
1068.664	0.0	3	1068664
1068.779	0.0	92	1068779
1070.049	0.0	3	1070049
1070.164	0.0	92	1070164
1071.433	0.0	91	1071433
1072.694	0.0	93	1072694
1073.971	0.0	10	1073971
1074.086	0.0	92	1074086
1075.355	0.0	7	1075355
1075.471	0.0	92	1075471
1076.741	0.0	5	1076741
1076.857	0.0	92	1076857
1078.126	0.0	1	1078126
1078.242	0.0	92	1078242
1079.511	0.0	1	1079511
1079.627	0.0	92	1079627
1080.897	0.0	91	1080897
1081.798	0.0	94	1081798
1083.083	0.0	3	1083083
1083.199	0.0	92	1083199
1084.468	0.0	5	1084468
1084.584	0.0	92	1084584
1085.853	0.0	5	1085853
1085.969	0.0	92	1085969
1087.239	0.0	91	1087239
1088.364	0.0	93	1088364
1089.642	0.0	10	1089642
1089.757	0.0	92	1089757
1091.027	0.0	10	1091027
1091.143	0.0	92	1091143
1092.412	0.0	1	1092412
1092.528	0.0	92	1092528
1093.797	0.0	5	1093797
1093.913	0.0	92	1093913
1095.183	0.0	5	1095183
1095.298	0.0	92	1095298
1096.568	0.0	91	1096568
1097.478	0.0	93	1097478
1098.754	0.0	4	1098754
1098.87	0.0	92	1098870
1100.139	0.0	10	1100139
1100.255	0.0	92	1100255
1101.524	0.0	1	1101524
1101.64	0.0	92	1101640
1102.91	0.0	8	1102910
1103.025	0.0	92	1103025
1104.295	0.0	8	1104295
1104.41	0.0	92	1104410
1105.68	0.0	91	1105680
1106.618	0.0	93	1106618
1107.9	0.0	5	1107900
1108.015	0.0	92	1108015
1109.285	0.0	10	1109285
1109.401	0.0	92	1109401
1110.67	0.0	7	1110670
1110.786	0.0	92	1110786
1112.055	0.0	6	1112055
1112.171	0.0	92	1112171
1113.441	0.0	91	1113441
1114.409	0.0	94	1114409
1115.694	0.0	9	1115694
1115.809	0.0	92	1115809
1117.079	0.0	3	1117079
1117.194	0.0	92	1117194
1118.464	0.0	1	1118464
1118.58	0.0	92	1118580
1119.849	0.0	2	1119849
1119.965	0.0	92	1119965
1121.234	0.0	4	1121234
1121.35	0.0	92	1121350
1122.62	0.0	91	1122620
1123.735	0.0	94	1123735
1125.023	0.0	9	1125023
1125.139	0.0	92	1125139
1126.408	0.0	10	1126408
1126.525	0.0	92	1126525
1142.964	0.0	9	1142964
1143.079	0.0	92	1143079
1144.349	0.0	3	1144349
1144.465	0.0	92	1144465
1145.734	0.0	8	1145734
1145.85	0.0	92	1145850
1147.12	0.0	3	1147120
1147.235	0.0	92	1147235
1148.505	0.0	1	1148505
1148.62	0.0	92	1148620
1149.89	0.0	91	1149890
1150.826	0.0	94	1150826
1152.11	0.0	4	1152110
1152.226	0.0	92	1152226
1153.495	0.0	9	1153495
1153.61	0.0	92	1153610
1154.88	0.0	8	1154880
1154.996	0.0	92	1154996
1156.265	0.0	4	1156265
1156.381	0.0	92	1156381
1157.65	0.0	91	1157650
1158.565	0.0	94	1158565
1159.853	0.0	4	1159853
1159.969	0.0	92	1159969
1161.239	0.0	10	1161239
1161.354	0.0	92	1161354
1162.624	0.0	8	1162624
1162.74	0.0	92	1162740
1164.009	0.0	7	1164009
1164.125	0.0	92	1164125
1165.394	0.0	91	1165394
1166.357	0.0	94	1166357
1167.647	0.0	8	1167647
1167.764	0.0	92	1167764
1169.032	0.0	6	1169032
1169.148	0.0	92	1169148
1170.418	0.0	6	1170418
1170.533	0.0	92	1170533
1171.803	0.0	5	1171803
1171.918	0.0	92	1171918
1173.188	0.0	6	1173188
1173.304	0.0	92	1173304
1174.573	0.0	91	1174573
1175.513	0.0	93	1175513
1176.793	0.0	2	1176793
1176.908	0.0	92	1176908
1178.178	0.0	4	1178178
1178.294	0.0	92	1178294
1179.563	0.0	1	1179563
1179.679	0.0	92	1179679
1180.948	0.0	2	1180948
1181.064	0.0	92	1181064
1182.333	0.0	1	1182333
1182.449	0.0	92	1182449
1183.718	0.0	88	1183718
1183.719	0.0	91	1183719
1184.729	0.0	93	1184729
1186.005	0.0	4	1186005
1186.121	0.0	92	1186121
1187.39	0.0	9	1187390
1187.506	0.0	92	1187506
1188.776	0.0	7	1188776
1188.891	0.0	92	1188891
1190.161	0.0	5	1190161
1190.276	0.0	92	1190276
1191.546	0.0	7	1191546
1191.662	0.0	92	1191662
1192.931	0.0	91	1192931
1194.166	0.0	94	1194166
1195.451	0.0	1	1195451
1195.567	0.0	92	1195567
1196.837	0.0	1	1196837
1196.952	0.0	92	1196952
1198.222	0.0	1	1198222
1198.337	0.0	92	1198337
1199.607	0.0	91	1199607
1200.597	0.0	93	1200597
1201.877	0.0	1	1201877
1201.992	0.0	92	1201992
1203.262	0.0	8	1203262
1203.378	0.0	92	1203378
1204.647	0.0	5	1204647
1204.764	0.0	92	1204764
1206.032	0.0	91	1206032
1207.078	0.0	94	1207078
1208.369	0.0	7	1208369
1208.484	0.0	92	1208484
1209.754	0.0	5	1209754
1209.87	0.0	92	1209870
1211.139	0.0	6	1211139
1211.255	0.0	92	1211255
1212.524	0.0	91	1212524
1213.586	0.0	93	1213586
1214.878	0.0	4	1214878
1214.993	0.0	92	1214993
1216.263	0.0	9	1216263
1216.378	0.0	92	1216378
1217.648	0.0	4	1217648
1217.765	0.0	92	1217765
1219.033	0.0	5	1219033
1219.149	0.0	92	1219149
1220.418	0.0	5	1220418
1220.534	0.0	92	1220534
1221.804	0.0	91	1221804
1223.001	0.0	93	1223001
1224.29	0.0	3	1224290
1224.406	0.0	92	1224406
1225.676	0.0	10	1225676
1225.792	0.0	92	1225792
1227.061	0.0	9	1227061
1227.176	0.0	92	1227176
1228.446	0.0	5	1228446
1228.562	0.0	92	1228562
1229.831	0.0	3	1229831
1229.947	0.0	92	1229947
1231.216	0.0	91	1231216
1232.389	0.0	94	1232389
1233.67	0.0	9	1233670
1233.786	0.0	92	1233786
1235.054	0.0	10	1235054
1235.17	0.0	92	1235170
1236.44	0.0	7	1236440
1236.556	0.0	92	1236556
1237.825	0.0	5	1237825
1237.941	0.0	92	1237941
1239.21	0.0	91	1239210
1240.328	0.0	94	1240328
1241.614	0.0	10	1241614
1241.73	0.0	92	1241730
1242.999	0.0	3	1242999
1243.114	0.0	92	1243114
1244.384	0.0	2	1244384
1244.5	0.0	92	1244500
1245.769	0.0	1	1245769
1245.885	0.0	92	1245885
1247.154	0.0	91	1247154
1248.053	0.0	93	1248053
1249.343	0.0	2	1249343
1249.457	0.0	92	1249457
1250.726	0.0	3	1250726
1250.842	0.0	92	1250842
1252.11	0.0	7	1252110
1252.227	0.0	92	1252227
1253.496	0.0	7	1253496
1253.612	0.0	92	1253612
1254.882	0.0	91	1254882
1255.793	0.0	93	1255793
1257.084	0.0	3	1257084
1257.2	0.0	92	1257200
1258.47	0.0	8	1258470
1258.585	0.0	92	1258585
1259.855	0.0	7	1259855
1259.971	0.0	92	1259971
1261.24	0.0	91	1261240
1262.225	0.0	93	1262225
1263.51	0.0	10	1263510
1263.625	0.0	92	1263625
1264.894	0.0	10	1264894
1265.011	0.0	92	1265011
1266.28	0.0	9	1266280
1266.396	0.0	92	1266396
1267.665	0.0	2	1267665
1267.782	0.0	92	1267782
1269.051	0.0	6	1269051
1269.166	0.0	92	1269166
1270.436	0.0	91	1270436
1271.63	0.0	94	1271630
1272.923	0.0	6	1272923
1273.038	0.0	92	1273038
1274.308	0.0	8	1274308
1274.423	0.0	92	1274423
1275.693	0.0	2	1275693
1275.81	0.0	92	1275810
1277.078	0.0	91	1277078
1278.219	0.0	94	1278219
1279.499	0.0	8	1279499
1279.615	0.0	92	1279615
1280.883	0.0	10	1280883
1280.999	0.0	92	1280999
1282.285	0.0	3	1282285
1282.401	0.0	92	1282401
1283.67	0.0	2	1283670
1283.787	0.0	92	1283787
1285.056	0.0	1	1285056
1285.171	0.0	92	1285171
1286.441	0.0	91	1286441
1287.343	0.0	93	1287343
1288.627	0.0	10	1288627
1288.744	0.0	92	1288744
1290.012	0.0	10	1290012
1290.128	0.0	92	1290128
1291.416	0.0	7	1291416
1291.531	0.0	92	1291531
1292.799	0.0	6	1292799
1292.915	0.0	92	1292915
1294.185	0.0	91	1294185
1295.215	0.0	94	1295215
1296.503	0.0	8	1296503
1296.62	0.0	92	1296620
1297.89	0.0	3	1297890
1298.005	0.0	92	1298005
1299.275	0.0	3	1299275
1299.39	0.0	92	1299390
1300.66	0.0	91	1300660
1301.708	0.0	93	1301708
1302.997	0.0	9	1302997
1303.112	0.0	92	1303112
1304.382	0.0	7	1304382
1304.497	0.0	92	1304497
1305.767	0.0	8	1305767
1305.883	0.0	92	1305883
1307.152	0.0	91	1307152
1308.032	0.0	93	1308032
1309.322	0.0	2	1309322
1309.437	0.0	92	1309437
1310.707	0.0	4	1310707
1310.823	0.0	92	1310823
1312.092	0.0	10	1312092
1312.208	0.0	92	1312208
1313.477	0.0	1	1313477
1313.593	0.0	92	1313593
1314.863	0.0	6	1314863
1314.978	0.0	92	1314978
1316.248	0.0	91	1316248
1317.301	0.0	94	1317301
1318.585	0.0	6	1318585
1318.701	0.0	92	1318701
1319.969	0.0	2	1319969
1320.085	0.0	92	1320085
1321.371	0.0	9	1321371
1321.487	0.0	92	1321487
1322.757	0.0	5	1322757
1322.873	0.0	92	1322873
1324.142	0.0	2	1324142
1324.257	0.0	92	1324257
1325.527	0.0	91	1325527
1326.685	0.0	94	1326685
1327.964	0.0	6	1327964
1328.079	0.0	92	1328079
1329.349	0.0	5	1329349
1329.464	0.0	92	1329464
1330.734	0.0	4	1330734
1330.851	0.0	92	1330851
1332.119	0.0	91	1332119
1333.251	0.0	94	1333251
1334.539	0.0	9	1334539
1334.655	0.0	92	1334655
1335.924	0.0	4	1335924
1336.04	0.0	92	1336040
1355.534	0.0	10	1355534
1355.65	0.0	92	1355650
1356.919	0.0	4	1356919
1357.035	0.0	92	1357035
1358.304	0.0	2	1358304
1358.42	0.0	92	1358420
1359.69	0.0	91	1359690
1360.942	0.0	94	1360942
1362.226	0.0	8	1362226
1362.342	0.0	92	1362342
1363.612	0.0	8	1363612
1363.727	0.0	92	1363727
1364.997	0.0	5	1364997
1365.113	0.0	92	1365113
1366.382	0.0	3	1366382
1366.498	0.0	92	1366498
1367.767	0.0	6	1367767
1367.884	0.0	92	1367884
1369.153	0.0	91	1369153
1370.174	0.0	94	1370174
1371.472	0.0	4	1371472
1371.589	0.0	92	1371589
1372.858	0.0	3	1372858
1372.973	0.0	92	1372973
1374.243	0.0	8	1374243
1374.358	0.0	92	1374358
1375.628	0.0	91	1375628
1376.799	0.0	94	1376799
1378.081	0.0	1	1378081
1378.197	0.0	92	1378197
1379.466	0.0	5	1379466
1379.582	0.0	92	1379582
1380.852	0.0	7	1380852
1380.967	0.0	92	1380967
1382.237	0.0	3	1382237
1382.352	0.0	88	1382352
1382.353	0.0	92	1382353
1383.622	0.0	2	1383622
1383.738	0.0	92	1383738
1385.007	0.0	91	1385007
1386.03	0.0	94	1386030
1387.31	0.0	10	1387310
1387.426	0.0	92	1387426
1388.696	0.0	9	1388696
1388.812	0.0	92	1388812
1390.081	0.0	7	1390081
1390.196	0.0	92	1390196
1391.466	0.0	8	1391466
1391.582	0.0	92	1391582
1392.851	0.0	91	1392851
1393.741	0.0	93	1393741
1395.021	0.0	8	1395021
1395.136	0.0	92	1395136
1396.406	0.0	10	1396406
1396.522	0.0	92	1396522
1397.791	0.0	3	1397791
1397.908	0.0	92	1397908
1399.177	0.0	3	1399177
1399.292	0.0	92	1399292
1400.562	0.0	91	1400562
1401.692	0.0	94	1401692
1402.982	0.0	5	1402982
1403.097	0.0	92	1403097
1404.367	0.0	8	1404367
1404.482	0.0	92	1404482
1405.752	0.0	4	1405752
1405.868	0.0	92	1405868
1407.137	0.0	91	1407137
1408.129	0.0	94	1408129
1409.407	0.0	9	1409407
1409.523	0.0	92	1409523
1410.792	0.0	1	1410792
1410.909	0.0	92	1410909
1412.177	0.0	1	1412177
1412.293	0.0	92	1412293
1413.563	0.0	91	1413563
1414.502	0.0	94	1414502
1415.782	0.0	4	1415782
1415.899	0.0	92	1415899
1417.167	0.0	2	1417167
1417.283	0.0	92	1417283
1418.553	0.0	5	1418553
1418.668	0.0	92	1418668
1419.938	0.0	6	1419938
1420.053	0.0	92	1420053
1421.323	0.0	7	1421323
1421.439	0.0	92	1421439
1422.708	0.0	91	1422708
1423.813	0.0	94	1423813
1425.095	0.0	10	1425095
1425.21	0.0	92	1425210
1426.48	0.0	7	1426480
1426.596	0.0	92	1426596
1427.865	0.0	9	1427865
1427.981	0.0	92	1427981
1429.25	0.0	3	1429250
1429.367	0.0	92	1429367
1430.636	0.0	1	1430636
1430.751	0.0	92	1430751
1432.021	0.0	91	1432021
1433.198	0.0	94	1433198
1434.491	0.0	6	1434491
1434.607	0.0	92	1434607
1435.876	0.0	9	1435876
1435.992	0.0	92	1435992
1437.261	0.0	5	1437261
1437.377	0.0	92	1437377
1438.646	0.0	5	1438646
1438.762	0.0	92	1438762
1440.032	0.0	1	1440032
1440.147	0.0	92	1440147
1441.417	0.0	91	1441417
1442.453	0.0	94	1442453
1443.736	0.0	5	1443736
1443.853	0.0	92	1443853
1445.121	0.0	1	1445121
1445.237	0.0	92	1445237
1446.507	0.0	4	1446507
1446.623	0.0	92	1446623
1447.892	0.0	91	1447892
1449.031	0.0	94	1449031
1450.312	0.0	2	1450312
1450.428	0.0	92	1450428
1451.697	0.0	10	1451697
1451.813	0.0	92	1451813
1453.081	0.0	7	1453081
1453.198	0.0	92	1453198
1454.468	0.0	7	1454468
1454.583	0.0	92	1454583
1455.853	0.0	91	1455853
1456.943	0.0	93	1456943
1458.223	0.0	10	1458223
1458.338	0.0	92	1458338
1459.608	0.0	5	1459608
1459.724	0.0	92	1459724
1460.993	0.0	10	1460993
1461.109	0.0	92	1461109
1462.412	0.0	5	1462412
1462.528	0.0	92	1462528
1463.797	0.0	6	1463797
1463.914	0.0	92	1463914
1465.182	0.0	91	1465182
1466.282	0.0	93	1466282
1467.569	0.0	9	1467569
1467.684	0.0	92	1467684
1468.954	0.0	7	1468954
1469.07	0.0	92	1469070
1470.339	0.0	7	1470339
1470.455	0.0	92	1470455
1471.724	0.0	91	1471724
1472.978	0.0	94	1472978
1474.261	0.0	4	1474261
1474.378	0.0	92	1474378
1475.646	0.0	10	1475646
1475.762	0.0	92	1475762
1477.032	0.0	9	1477032
1477.147	0.0	92	1477147
1478.417	0.0	5	1478417
1478.532	0.0	92	1478532
1479.802	0.0	3	1479802
1479.918	0.0	92	1479918
1481.187	0.0	91	1481187
1482.446	0.0	94	1482446
1483.724	0.0	9	1483724
1483.84	0.0	92	1483840
1485.109	0.0	4	1485109
1485.225	0.0	92	1485225
1486.494	0.0	2	1486494
1486.61	0.0	92	1486610
1487.88	0.0	2	1487880
1487.995	0.0	92	1487995
1489.265	0.0	91	1489265
1490.159	0.0	93	1490159
1491.451	0.0	6	1491451
1491.567	0.0	92	1491567
1492.836	0.0	6	1492836
1492.953	0.0	92	1492953
1494.221	0.0	4	1494221
1494.337	0.0	92	1494337
1495.607	0.0	6	1495607
1495.722	0.0	92	1495722
1496.992	0.0	6	1496992
1497.107	0.0	92	1497107
1498.377	0.0	91	1498377
1499.313	0.0	93	1499313
1500.597	0.0	10	1500597
1500.712	0.0	92	1500712
1501.982	0.0	1	1501982
1502.098	0.0	92	1502098
1503.367	0.0	6	1503367
1503.483	0.0	92	1503483
1504.752	0.0	6	1504752
1504.869	0.0	92	1504869
1506.137	0.0	91	1506137
1507.334	0.0	94	1507334
1508.624	0.0	9	1508624
1508.74	0.0	92	1508740
1510.009	0.0	2	1510009
1510.125	0.0	92	1510125
1511.395	0.0	3	1511395
1511.51	0.0	92	1511510
1512.78	0.0	7	1512780
1512.896	0.0	92	1512896
1514.165	0.0	91	1514165
1515.355	0.0	94	1515355
1516.635	0.0	1	1516635
1516.751	0.0	92	1516751
1518.02	0.0	7	1518020
1518.136	0.0	92	1518136
1519.405	0.0	2	1519405
1519.521	0.0	92	1519521
1520.791	0.0	8	1520791
1520.907	0.0	92	1520907
1522.176	0.0	3	1522176
1522.292	0.0	92	1522292
1523.561	0.0	91	1523561
1524.969	0.0	94	1524969
1526.249	0.0	10	1526249
1526.364	0.0	92	1526364
1527.633	0.0	2	1527633
1527.749	0.0	92	1527749
1529.018	0.0	2	1529018
1529.134	0.0	92	1529134
1530.402	0.0	91	1530402
1531.32	0.0	93	1531320
1532.607	0.0	4	1532607
1532.723	0.0	92	1532723
1533.992	0.0	8	1533992
1534.107	0.0	92	1534107
1535.377	0.0	8	1535377
1535.493	0.0	92	1535493
1536.762	0.0	91	1536762
1537.655	0.0	93	1537655
1538.948	0.0	9	1538948
1539.064	0.0	92	1539064
1540.334	0.0	3	1540334
1540.449	0.0	92	1540449
1541.719	0.0	4	1541719
1541.834	0.0	92	1541834
1543.104	0.0	91	1543104
1544.203	0.0	93	1544203
1545.491	0.0	9	1545491
1545.606	0.0	92	1545606
1546.876	0.0	1	1546876
1546.991	0.0	92	1546991
1548.261	0.0	8	1548261
1548.377	0.0	92	1548377
1549.646	0.0	1	1549646
1549.762	0.0	92	1549762
1565.335	0.0	10	1565335
1565.45	0.0	92	1565450
1566.719	0.0	7	1566719
1566.835	0.0	92	1566835
1568.104	0.0	7	1568104
1568.22	0.0	92	1568220
1569.49	0.0	91	1569490
1571.046	0.0	94	1571046
1572.327	0.0	3	1572327
1572.443	0.0	92	1572443
1573.712	0.0	9	1573712
1573.828	0.0	92	1573828
1575.097	0.0	7	1575097
1575.213	0.0	92	1575213
1576.482	0.0	4	1576482
1576.598	0.0	92	1576598
1577.868	0.0	5	1577868
1577.984	0.0	92	1577984
1579.253	0.0	91	1579253
1580.24	0.0	64	1580240
1580.241	0.0	94	1580241
1581.523	0.0	2	1581523
1581.638	0.0	92	1581638
1582.908	0.0	9	1582908
1583.023	0.0	92	1583023
1584.293	0.0	8	1584293
1584.409	0.0	92	1584409
1585.678	0.0	8	1585678
1585.794	0.0	92	1585794
1587.063	0.0	91	1587063
1587.998	0.0	93	1587998
1589.284	0.0	5	1589284
1589.4	0.0	92	1589400
1590.668	0.0	6	1590668
1590.784	0.0	92	1590784